variant,label,kind,reference,delta_T1_pp,ci95_T1_lo_pp,ci95_T1_hi_pp,delta_leT2_pp,ci95_leT2_lo_pp,ci95_leT2_hi_pp,delta_leT3_pp,ci95_leT3_lo_pp,ci95_leT3_hi_pp,delta_utility,delta_mean_keep,named_option_faster,reference_faster,same_timing
prospect__Helm_over_Implements,Helm of Awakening,prospect_vs_current,current baseline,-0.1953125,-0.5781179657304794,0.1874929657304793,0.0,-1.2117210721879794,1.2117210721879794,-0.390625,-1.3286088430001841,0.5473588430001841,-0.001953125,0.033203125,7,9,496
prospect__KCI_over_Pearl,Krark-Clan Ironworks,prospect_vs_current,current baseline,0.1953125,-0.1874929657304793,0.5781179657304794,1.7578125,0.2816101164270314,3.2340148835729687,0.390625,-1.234716575752819,2.015966575752819,0.0107421875,0.03515625,22,9,481
prospect__Inspiring_Statuary_over_Implements,Inspiring Statuary,prospect_vs_current,current baseline,0.0,0.0,0.0,0.0,-1.3273739292834041,1.3273739292834041,-0.1953125,-1.3447273032893252,0.9541023032893251,-0.0009765625,-0.03125,10,9,493
prospect__Marble_Diamond_over_Implements,Marble Diamond,prospect_vs_current,current baseline,0.0,0.0,0.0,0.0,-1.0837962748725007,1.0837962748725007,0.1953125,-1.2886400477896083,1.6792650477896083,0.0009765625,0.017578125,12,9,491
prospect__Sonic_Screwdriver_over_Implements,Sonic Screwdriver,prospect_vs_current,current baseline,0.0,0.0,0.0,0.5859375,-0.6839104486517431,1.8557854486517429,-0.78125,-2.1068944511166303,0.5443944511166303,-0.0009765625,-0.01171875,11,10,491
prospect__Urzas_Incubator_over_Implements,Urza's Incubator,prospect_vs_current,current baseline,-0.1953125,-0.5781179657304794,0.1874929657304793,-0.78125,-1.991076276545288,0.42857627654528785,0.0,-1.433727707585419,1.433727707585419,-0.00390625,-0.009765625,10,11,491
prospect__Worn_Powerstone_over_Implements,Worn Powerstone,prospect_vs_current,current baseline,-0.1953125,-0.5781179657304794,0.1874929657304793,-0.390625,-1.7175667710660951,0.9363167710660952,-1.171875,-2.6019978550117644,0.2582478550117645,-0.0078125,-0.021484375,9,14,489
prospect__Chromatic_Lantern_over_Implements,Chromatic Lantern,prospect_vs_current,current baseline,0.0,0.0,0.0,0.1953125,-0.9541023032893251,1.3447273032893252,-0.390625,-1.4738919482109527,0.6926419482109527,-0.0009765625,-0.025390625,8,8,496
prospect__Honor_Worn_Shaku_over_Implements,Honor-Worn Shaku,prospect_vs_current,current baseline,0.0,0.0,0.0,0.0,-1.2117210721879794,1.2117210721879794,-0.5859375,-1.734353897191438,0.562478897191438,-0.0029296875,0.005859375,8,10,494
prospect__Oketras_Monument_over_Implements,Oketra's Monument,prospect_vs_current,current baseline,-0.1953125,-0.5781179657304794,0.1874929657304793,0.0,-1.2117210721879794,1.2117210721879794,-0.390625,-1.6018726511610448,0.8206226511610449,-0.001953125,-0.015625,9,9,494
prospect__Cloud_Key_over_Implements,Cloud Key,prospect_vs_current,current baseline,0.0,0.0,0.0,-0.1953125,-1.3447273032893252,0.9541023032893251,-0.1953125,-1.4660634517515678,1.0754384517515678,-0.001953125,-0.017578125,9,9,494
prospect__Thran_Dynamo_over_Implements,Thran Dynamo,prospect_vs_current,current baseline,0.0,0.0,0.0,0.1953125,-1.0754384517515678,1.4660634517515678,-0.1953125,-1.4660634517515678,1.0754384517515678,0.0,0.0,11,9,492
