raw_win_appearance_rank,normalized_le_T3_rank,card,copies_in_deck,kept_game_presence_all,kept_copy_appearances_all,winning_kept_game_presence,winning_kept_copy_appearances,T1_winning_hand_presence,T2_winning_hand_presence,T3_winning_hand_presence,T1_winning_copy_appearances,T2_winning_copy_appearances,T3_winning_copy_appearances,le_T2_when_kept,le_T3_when_kept,le_T3_lift_pp_vs_global,win_presence_share_of_all_wins
1,47,Snow-Covered Plains,13,2253,2897,1962,2551,75,833,1054,93,1062,1396,0.40301819795827787,0.8708388814913449,3.245997524134492,0.5713453698311007
2,12,Lion's Eye Diamond,1,669,669,605,605,132,337,136,132,337,136,0.7010463378176383,0.9043348281016442,6.595592185164422,0.17617938264414676
3,51,Mana Vault,1,655,655,568,568,44,325,199,44,325,199,0.5633587786259542,0.867175572519084,2.879666626908395,0.16540477577169482
4,7,Enlightened Tutor,1,565,565,518,518,8,315,195,8,315,195,0.5716814159292035,0.9168141592920354,7.843525304203536,0.15084449621432733
5,36,Sol Ring,1,572,572,504,504,19,260,225,19,260,225,0.48776223776223776,0.8811188811188811,4.273997486888115,0.14676761793826443
6,35,Grim Monolith,1,532,532,469,469,21,216,232,21,216,232,0.44548872180451127,0.881578947368421,4.320004111842102,0.13657542224810718
7,42,Ancient Tomb,1,473,473,414,414,13,186,215,13,186,215,0.42071881606765327,0.8752642706131079,3.6885364363107853,0.12055911473500291
8,5,Urza's Saga,1,440,440,406,406,10,86,310,10,86,310,0.21818181818181817,0.9227272727272727,8.434836647727273,0.11822947000582411
9,57,City of Traitors,1,437,437,373,373,16,175,182,16,175,182,0.43707093821510296,0.8535469107551488,1.5168004505148769,0.10861968549796155
10,15,Moonsilver Key,1,373,373,337,337,11,143,183,11,143,183,0.4128686327077748,0.903485254691689,6.510634844168905,0.09813628421665696
11,29,"Tezzeret, Cruel Captain",1,363,363,323,323,6,136,181,6,136,181,0.39118457300275483,0.8898071625344353,5.142825628443526,0.09405940594059406
12,59,Razorgrass Ambush,1,375,375,320,320,7,151,162,7,151,162,0.42133333333333334,0.8533333333333334,1.4954427083333388,0.093185789167152
13,50,Remote Farm,1,362,362,314,314,2,90,222,2,90,222,0.2541436464088398,0.8674033149171271,2.9024408667127077,0.09143855562026791
14,66,Lotus Petal,1,352,352,298,298,17,158,123,17,158,123,0.4971590909090909,0.8465909090909091,0.8212002840909061,0.08677926616191031
15,33,Gemstone Caverns,1,323,323,286,286,17,151,118,17,151,118,0.5201238390092879,0.8854489164086687,4.707001015866874,0.08328479906814211
16,26,Mox Diamond,1,304,304,271,271,24,160,87,24,160,87,0.6052631578947368,0.8914473684210527,5.3068462171052655,0.07891671520093185
17,52,Chrome Mox,1,297,297,257,257,7,137,113,7,137,113,0.48484848484848486,0.8653198653198653,2.6940959069865267,0.07483983692486895
18,40,Mox Opal,1,292,292,256,256,14,134,108,14,134,108,0.5068493150684932,0.8767123287671232,3.833342251712324,0.07454863133372161
19,61,Ruins of Trokair,1,293,293,250,250,10,97,143,10,97,143,0.3651877133105802,0.8532423208191127,1.4863414569112665,0.0728013977868375
20,75,Crystal Vein,1,280,280,226,226,10,105,111,10,105,111,0.4107142857142857,0.8071428571428572,-3.123604910714284,0.06581246359930111
21,24,Coalition Relic,1,241,241,215,215,9,80,126,9,80,126,0.36929460580912865,0.8921161825726142,5.373727632261415,0.06260920209668025
22,45,Mishra's Workshop,1,243,243,212,212,12,111,89,12,111,89,0.5061728395061729,0.8724279835390947,3.4049077289094676,0.06173558532323821
23,44,Basalt Monolith,1,236,236,206,206,7,84,115,7,84,115,0.3855932203389831,0.8728813559322034,3.4502449682203395,0.05998835177635411
24,19,Arcane Signet,1,228,228,205,205,5,95,105,5,95,105,0.43859649122807015,0.8991228070175439,6.074390076754388,0.05969714618520676
25,39,Ancient Den,1,230,230,202,202,6,84,112,6,84,112,0.391304347826087,0.8782608695652174,3.988196331521743,0.058823529411764705
26,46,Gleaming Splendor,1,227,227,198,198,6,81,111,6,81,111,0.3832599118942731,0.8722466960352423,3.3867789785242297,0.05765870704717531
27,62,Jeweled Amulet,1,231,231,197,197,9,91,97,9,91,97,0.4329004329004329,0.8528138528138528,1.4434946563852802,0.05736750145602795
28,34,Great Hall of the Citadel,1,216,216,191,191,7,81,103,7,81,103,0.4074074074074074,0.8842592592592593,4.58803530092593,0.05562026790914386
29,65,Liquimetal Torque,1,224,224,190,190,8,82,100,8,82,100,0.4017857142857143,0.8482142857142857,0.9835379464285698,0.0553290623179965
30,69,Fellwar Stone,1,217,217,183,183,10,66,107,10,66,107,0.35023041474654376,0.8433179723502304,0.4939066100230427,0.05329062317996505
31,17,Blast Zone,1,201,201,181,181,5,80,96,5,80,96,0.4228855721393035,0.900497512437811,6.211860618781095,0.052708211997670354
32,67,The Mycosynth Gardens,1,214,214,181,181,36,68,77,36,68,77,0.48598130841121495,0.8457943925233645,0.7415486273364524,0.052708211997670354
33,56,Prismatic Lens,1,210,210,180,180,11,68,101,11,68,101,0.3761904761904762,0.8571428571428571,1.8763950892857095,0.052417006406523005
34,74,Tooth of Ramos,1,219,219,179,179,5,77,97,5,77,97,0.3744292237442922,0.817351598173516,-2.102730807648401,0.052125800815375656
35,16,Cavern of Souls,1,194,194,175,175,7,76,92,7,76,92,0.42783505154639173,0.9020618556701031,6.36829494201031,0.05096097845078625
36,54,Mind Stone,1,203,203,175,175,4,80,91,4,80,91,0.41379310344827586,0.8620689655172413,2.3690059267241326,0.05096097845078625
37,73,"Untaidake, the Cloud Keeper",1,212,212,175,175,7,77,91,7,77,91,0.39622641509433965,0.8254716981132075,-1.290720813679247,0.05096097845078625
38,27,Implements of Sacrifice,1,193,193,172,172,6,74,92,6,74,92,0.41450777202072536,0.8911917098445595,5.281280359455954,0.050087361677344205
39,21,Command Beacon,1,190,190,170,170,6,69,95,6,69,95,0.39473684210526316,0.8947368421052632,5.635793585526317,0.04950495049504951
40,55,Petrified Hamlet,1,198,198,170,170,8,63,99,8,63,99,0.35858585858585856,0.8585858585858586,2.0206952335858563,0.04950495049504951
41,71,"Eiganjo, Seat of the Empire",1,203,203,169,169,8,80,81,8,80,81,0.43349753694581283,0.8325123152709359,-0.5866590979064057,0.04921374490390216
42,63,Emeria's Call,1,197,197,168,168,6,59,103,6,59,103,0.3299492385786802,0.8527918781725888,1.4412971922588835,0.0489225393127548
43,23,Talon Gates of Madara,1,188,188,168,168,5,67,96,5,67,96,0.3829787234042553,0.8936170212765957,5.52381150265957,0.0489225393127548
44,6,Mouth of Ronom,1,182,182,167,167,6,71,90,6,71,90,0.4230769230769231,0.9175824175824175,7.920351133241754,0.04863133372160745
45,48,Pearl Medallion,1,192,192,167,167,9,68,90,9,68,90,0.4010416666666667,0.8697916666666666,3.141276041666663,0.04863133372160745
46,31,Everflowing Chalice,1,186,186,165,165,6,67,92,6,67,92,0.3924731182795699,0.8870967741935484,4.871786794354838,0.048048922539312755
47,58,Candelabra of Tawnos,1,191,191,163,163,5,72,86,5,72,86,0.4031413612565445,0.8534031413612565,1.50242351112565,0.04746651135701806
48,68,The Mind Stone,1,187,187,158,158,6,46,106,6,46,106,0.27807486631016043,0.8449197860962567,0.6540879846256731,0.046010483401281305
49,60,Inventors' Fair,1,184,184,157,157,11,61,85,11,61,85,0.391304347826087,0.8532608695652174,1.4881963315217406,0.045719277810133956
50,28,Scroll Rack,1,174,174,155,155,4,58,93,4,58,93,0.3563218390804598,0.8908045977011494,5.242569145114939,0.04513686662783926
51,18,Expedition Map,1,169,169,152,152,7,61,84,7,61,84,0.40236686390532544,0.8994082840236687,6.1029377773668685,0.0442632498543972
52,49,Urza's Cave,1,174,174,151,151,7,63,81,7,63,81,0.40229885057471265,0.867816091954023,2.9437185704022983,0.043972044263249854
53,30,Giant's Boulder,1,161,161,143,143,6,55,82,6,55,82,0.37888198757763975,0.8881987577639752,4.981985151397517,0.041642399534071055
54,43,Brainstone,1,150,150,131,131,8,54,69,8,54,69,0.41333333333333333,0.8733333333333333,3.4954427083333295,0.03814793244030285
55,9,Static Prison,1,141,141,129,129,6,62,61,6,62,61,0.48226950354609927,0.9148936170212766,7.651471077127658,0.037565521258008154
56,10,Charitable Levy,1,139,139,127,127,2,56,69,2,56,69,0.4172661870503597,0.9136690647482014,7.5290158498201425,0.036983110075713456
57,38,Portable Hole,1,141,141,124,124,4,55,65,4,55,65,0.41843971631205673,0.8794326241134752,4.105371786347522,0.0361094933022714
58,20,March of Otherworldly Light,1,127,127,114,114,4,57,53,4,57,53,0.48031496062992124,0.8976377952755905,5.925888902559051,0.033197437390797904
59,1,Floating Shield,1,118,118,112,112,2,51,59,2,51,59,0.4491525423728814,0.9491525423728814,11.077363612288138,0.032615026208503206
60,8,Swords to Plowshares,1,118,118,108,108,4,43,61,4,43,61,0.3983050847457627,0.9152542372881356,7.68753310381356,0.0314502038439138
61,25,Orim's Chant,1,120,120,107,107,5,43,59,5,43,59,0.4,0.8916666666666667,5.328776041666671,0.031158998252766454
62,13,Deafening Silence,1,114,114,103,103,4,42,57,4,42,57,0.40350877192982454,0.9035087719298246,6.512986567982459,0.029994175888177054
63,14,Trinisphere,1,114,114,103,103,1,42,60,1,42,60,0.37719298245614036,0.9035087719298246,6.512986567982459,0.029994175888177054
64,22,Sheltered by Ghosts,1,113,113,101,101,4,49,48,4,49,48,0.4690265486725664,0.8938053097345132,5.542640348451322,0.029411764705882353
65,2,Campfire,1,106,106,100,100,3,54,43,3,54,43,0.5377358490566038,0.9433962264150944,10.501732016509436,0.029120559114735003
66,11,Void Mirror,1,110,110,100,100,3,38,59,3,38,59,0.37272727272727274,0.9090909090909091,7.0712002840909065,0.029120559114735003
67,41,Vexing Bauble,1,113,113,99,99,2,52,45,2,52,45,0.4778761061946903,0.8761061946902655,3.7727288440265516,0.028829353523587654
68,3,Chains of Custody,1,106,106,98,98,5,40,53,5,40,53,0.42452830188679247,0.9245283018867925,8.614939563679247,0.028538147932440302
69,4,Pentarch Ward,1,104,104,96,96,2,40,54,2,40,54,0.40384615384615385,0.9230769230769231,8.469801682692314,0.027955736750145604
70,72,Path to Exile,1,115,115,95,95,3,46,46,3,46,46,0.4260869565217391,0.8260869565217391,-1.2291949728260865,0.02766453115899825
71,32,Paladin Class,1,106,106,94,94,3,36,55,3,36,55,0.36792452830188677,0.8867924528301887,4.84135465801887,0.027373325567850902
72,53,Touch the Spirit Realm,1,109,109,94,94,1,40,53,1,40,53,0.3761467889908257,0.8623853211009175,2.400641485091748,0.027373325567850902
73,70,Idolized,1,106,106,89,89,3,32,54,3,32,54,0.330188679245283,0.839622641509434,0.12437352594339979,0.025917297612114153
74,37,Defense Grid,1,100,100,88,88,7,38,43,7,38,43,0.45,0.88,4.162109375,0.0256260920209668
75,64,Super State,1,101,101,86,86,4,44,38,4,44,38,0.4752475247524752,0.8514851485148515,1.3106242264851464,0.025043680838672103
76,,Thorn of Amethyst,1,95,95,86,86,4,41,41,4,41,41,0.47368421052631576,0.9052631578947369,6.6884251644736885,0.025043680838672103
77,,Twinblade Blessing,1,94,94,85,85,3,38,44,3,38,44,0.43617021276595747,0.9042553191489362,6.58764128989362,0.024752475247524754
78,,Bound by Moonsilver,1,92,92,83,83,2,42,39,2,42,39,0.4782608695652174,0.9021739130434783,6.379500679347827,0.024170064065230052
79,,Gift of Immortality,1,92,92,83,83,5,36,42,5,36,42,0.44565217391304346,0.9021739130434783,6.379500679347827,0.024170064065230052
80,,Minimus Containment,1,90,90,83,83,5,36,42,5,36,42,0.45555555555555555,0.9222222222222223,8.384331597222229,0.024170064065230052
81,,Mantle of the Ancients,1,89,89,81,81,3,33,45,3,33,45,0.4044943820224719,0.9101123595505618,7.17334533005618,0.023587652882935354
82,,Silence,1,97,97,81,81,6,39,36,6,39,36,0.4639175257731959,0.8350515463917526,-0.3327359858247392,0.023587652882935354
83,,Disruptor Flute,1,83,83,75,75,0,37,38,0,37,38,0.4457831325301205,0.9036144578313253,6.523555158132533,0.021840419336051253
84,,Shardmage's Rescue,1,73,73,61,61,0,32,29,0,32,29,0.4383561643835616,0.8356164383561644,-0.27624678938356073,0.017763541059988352
85,,Boonweaver Giant,1,1,1,1,1,0,1,0,0,1,0,1.0,1.0,16.162109375,0.00029120559114735004
86,,"Preston, the Vanisher",1,1,1,1,1,0,0,1,0,0,1,0.0,1.0,16.162109375,0.00029120559114735004
87,,Roaming Throne,1,0,0,0,0,0,0,0,0,0,0,,,,0.0
