game_id,seed,seat,keep_n,keep_utility,win_turn
512,8014406537,0,4,0.5625,3
513,8015406540,1,5,0.46875,3
514,8016406543,1,6,0.53125,3
515,8017406546,0,5,0.5625,3
516,8018406549,0,5,0.5625,2
517,8019406552,0,7,1.0,2
518,8020406555,1,5,0.5625,3
519,8021406558,0,6,1.0,1
520,8022406561,3,6,1.0,2
521,8023406564,1,4,0.5,3
522,8024406567,1,6,0.8125,2
523,8025406570,2,4,0.875,2
524,8026406573,3,3,0.875,2
525,8027406576,0,6,0.5625,3
526,8028406579,1,7,0.875,2
527,8029406582,1,6,0.6875,2
528,8030406585,3,6,0.53125,3
529,8031406588,0,5,0.75,2
530,8032406591,2,2,0.0625,0
531,8033406594,2,2,0.375,3
532,8034406597,0,4,0.5625,3
533,8035406600,1,7,1.0,2
534,8036406603,2,6,0.59375,3
535,8037406606,1,7,0.65625,2
536,8038406609,2,4,0.875,2
537,8039406612,2,7,1.0,2
538,8040406615,1,7,0.875,1
539,8041406618,3,5,1.0,2
540,8042406621,3,7,0.75,0
541,8043406624,3,3,0.28125,3
542,8044406627,3,2,0.09375,0
543,8045406630,2,7,1.0,2
544,8046406633,0,5,0.625,2
545,8047406636,3,4,0.34375,3
546,8048406639,0,5,0.53125,3
547,8049406642,3,7,0.6875,2
548,8050406645,3,5,0.625,3
549,8051406648,3,7,1.0,1
550,8052406651,2,2,0.3125,3
551,8053406654,3,4,0.625,3
552,8054406657,2,4,1.0,2
553,8055406660,0,6,0.5625,3
554,8056406663,3,4,0.5,0
555,8057406666,2,6,0.5625,3
556,8058406669,1,3,0.5625,3
557,8059406672,2,6,0.625,0
558,8060406675,1,5,0.5,3
559,8061406678,3,3,0.5625,3
560,8062406681,3,1,0.0625,0
561,8063406684,1,5,0.46875,3
562,8064406687,2,6,0.6875,3
563,8065406690,3,4,0.5625,3
564,8066406693,2,7,0.625,2
565,8067406696,0,4,1.0,2
566,8068406699,3,4,0.75,0
567,8069406702,0,5,1.0,2
568,8070406705,1,6,0.5625,2
569,8071406708,0,4,0.34375,0
570,8072406711,1,4,0.6875,0
571,8073406714,3,5,0.5,2
572,8074406717,1,6,1.0,2
573,8075406720,2,7,1.0,2
574,8076406723,3,6,1.0,2
575,8077406726,3,2,0.15625,0
576,8078406729,2,3,0.5,2
577,8079406732,0,6,0.5625,2
578,8080406735,0,5,0.6875,3
579,8081406738,0,5,0.5625,3
580,8082406741,0,3,0.4375,0
581,8083406744,0,6,0.6875,0
582,8084406747,1,4,0.6875,3
583,8085406750,2,6,1.0,2
584,8086406753,0,3,1.0,2
585,8087406756,3,2,0.25,0
586,8088406759,2,7,0.875,2
587,8089406762,1,5,1.0,2
588,8090406765,0,7,0.875,2
589,8091406768,0,5,0.5625,0
590,8092406771,3,6,1.0,2
591,8093406774,1,7,1.0,2
592,8094406777,0,6,1.0,2
593,8095406780,3,5,0.4375,3
594,8096406783,2,5,0.4375,0
595,8097406786,1,6,0.59375,2
596,8098406789,1,5,1.0,1
597,8099406792,1,4,0.75,0
598,8100406795,0,5,0.5,3
599,8101406798,3,6,1.0,3
600,8102406801,0,2,0.1875,0
601,8103406804,2,6,1.0,2
602,8104406807,2,2,0.1875,0
603,8105406810,3,7,0.9375,2
604,8106406813,0,6,0.53125,3
605,8107406816,0,4,0.75,2
606,8108406819,3,6,1.0,2
607,8109406822,0,3,0.4375,3
608,8110406825,2,3,0.5,3
609,8111406828,1,7,0.75,3
610,8112406831,3,6,1.0,2
611,8113406834,2,6,0.5625,2
612,8114406837,0,2,0.4375,3
613,8115406840,2,7,0.875,0
614,8116406843,3,6,1.0,2
615,8117406846,0,5,0.4375,3
616,8118406849,2,6,1.0,2
617,8119406852,3,6,1.0,2
618,8120406855,0,5,0.6875,3
619,8121406858,3,7,0.875,2
620,8122406861,0,7,1.0,2
621,8123406864,3,6,0.5625,3
622,8124406867,2,6,0.75,3
623,8125406870,1,6,0.75,3
624,8126406873,1,5,0.6875,3
625,8127406876,0,4,0.46875,3
626,8128406879,2,6,0.65625,3
627,8129406882,0,5,0.4375,3
628,8130406885,3,7,0.6875,0
629,8131406888,0,7,0.5625,3
630,8132406891,3,5,0.5625,0
631,8133406894,3,5,0.5625,3
632,8134406897,1,7,0.625,2
633,8135406900,1,5,0.75,3
634,8136406903,0,5,0.625,2
635,8137406906,1,6,1.0,2
636,8138406909,0,5,0.5625,3
637,8139406912,3,7,0.875,1
638,8140406915,0,5,0.6875,3
639,8141406918,3,7,0.9375,3
640,8142406921,2,7,0.5625,0
641,8143406924,3,6,0.8125,2
642,8144406927,1,2,0.3125,3
643,8145406930,3,5,1.0,1
644,8146406933,0,7,0.625,3
645,8147406936,2,6,0.8125,2
646,8148406939,3,6,1.0,2
647,8149406942,0,7,1.0,2
648,8150406945,2,6,0.8125,2
649,8151406948,2,5,1.0,1
650,8152406951,0,6,1.0,1
651,8153406954,2,6,1.0,2
652,8154406957,0,7,0.6875,2
653,8155406960,3,6,0.5625,3
654,8156406963,0,4,0.6875,2
655,8157406966,1,7,0.875,2
656,8158406969,0,6,0.6875,0
657,8159406972,2,4,0.6875,3
658,8160406975,1,7,1.0,2
659,8161406978,2,4,1.0,2
660,8162406981,0,4,0.6875,0
661,8163406984,2,6,0.5625,3
662,8164406987,2,7,0.75,0
663,8165406990,2,3,0.4375,3
664,8166406993,2,4,0.5,0
665,8167406996,1,4,0.40625,0
666,8168406999,0,2,0.1875,0
667,8169407002,0,5,0.625,2
668,8170407005,1,6,1.0,2
669,8171407008,1,4,0.6875,2
670,8172407011,0,5,0.6875,3
671,8173407014,0,4,0.625,3
672,8174407017,0,7,0.59375,3
673,8175407020,2,7,0.875,1
674,8176407023,3,4,0.5,0
675,8177407026,1,6,0.75,3
676,8178407029,0,6,0.5625,3
677,8179407032,0,7,0.5625,3
678,8180407035,3,6,0.875,2
679,8181407038,2,5,0.4375,0
680,8182407041,2,4,1.0,2
681,8183407044,2,3,0.21875,0
682,8184407047,3,7,0.875,2
683,8185407050,3,5,1.0,2
684,8186407053,3,6,1.0,2
685,8187407056,1,7,0.6875,0
686,8188407059,3,3,0.375,3
687,8189407062,0,7,1.0,1
688,8190407065,3,6,1.0,1
689,8191407068,0,6,0.53125,3
690,8192407071,1,5,1.0,2
691,8193407074,2,4,0.5,3
692,8194407077,2,3,0.21875,0
693,8195407080,1,7,0.875,2
694,8196407083,2,4,0.40625,0
695,8197407086,3,5,1.0,2
696,8198407089,2,4,0.5,3
697,8199407092,2,7,0.6875,2
698,8200407095,1,5,0.6875,0
699,8201407098,0,5,1.0,2
700,8202407101,0,5,1.0,2
701,8203407104,2,5,0.5,3
702,8204407107,0,7,0.875,2
703,8205407110,0,7,0.5625,2
704,8206407113,1,7,0.8125,3
705,8207407116,2,4,0.5,0
706,8208407119,2,6,1.0,2
707,8209407122,2,5,0.5625,3
708,8210407125,2,5,0.5625,3
709,8211407128,3,5,0.625,3
710,8212407131,0,6,0.875,3
711,8213407134,1,3,1.0,2
712,8214407137,2,7,1.0,2
713,8215407140,1,5,0.6875,2
714,8216407143,0,5,0.5625,2
715,8217407146,1,5,0.5625,3
716,8218407149,0,7,0.875,3
717,8219407152,2,5,0.5625,3
718,8220407155,0,6,0.5625,3
719,8221407158,2,6,0.5625,2
720,8222407161,3,4,0.5625,3
721,8223407164,3,5,1.0,1
722,8224407167,0,3,0.375,3
723,8225407170,3,3,0.4375,3
724,8226407173,0,5,0.4375,3
725,8227407176,3,7,0.5625,2
726,8228407179,2,4,0.34375,3
727,8229407182,0,7,0.5625,0
728,8230407185,1,7,0.875,2
729,8231407188,3,4,0.46875,2
730,8232407191,0,6,0.9375,2
731,8233407194,2,5,1.0,1
732,8234407197,1,7,1.0,2
733,8235407200,1,7,0.5625,3
734,8236407203,0,6,1.0,2
735,8237407206,2,2,0.09375,0
736,8238407209,2,6,0.5625,3
737,8239407212,0,7,0.875,2
738,8240407215,1,3,0.4375,3
739,8241407218,3,3,0.5625,2
740,8242407221,2,7,1.0,2
741,8243407224,0,7,0.5625,3
742,8244407227,2,6,0.59375,3
743,8245407230,1,6,1.0,2
744,8246407233,2,5,1.0,2
745,8247407236,1,3,0.5625,0
746,8248407239,1,6,0.5625,3
747,8249407242,1,6,0.75,2
748,8250407245,1,6,0.75,2
749,8251407248,0,6,0.5625,0
750,8252407251,0,5,0.5625,3
751,8253407254,1,2,0.625,3
752,8254407257,1,5,1.0,2
753,8255407260,2,4,0.8125,2
754,8256407263,0,5,0.5625,3
755,8257407266,0,5,0.5625,3
756,8258407269,1,5,0.625,3
757,8259407272,3,2,0.1875,0
758,8260407275,0,6,0.59375,2
759,8261407278,2,5,0.5625,3
760,8262407281,1,5,0.625,0
761,8263407284,2,3,1.0,2
762,8264407287,3,4,0.5625,3
763,8265407290,0,6,1.0,2
764,8266407293,0,3,0.4375,2
765,8267407296,1,6,1.0,2
766,8268407299,1,3,0.3125,3
767,8269407302,1,7,1.0,2
768,8270407305,3,5,0.75,3
769,8271407308,1,5,1.0,2
770,8272407311,2,6,0.53125,3
771,8273407314,3,7,0.59375,3
772,8274407317,2,4,0.5,0
773,8275407320,0,6,0.5625,3
774,8276407323,3,4,0.9375,0
775,8277407326,2,4,0.625,0
776,8278407329,1,5,0.4375,3
777,8279407332,1,4,0.6875,3
778,8280407335,0,6,0.75,3
779,8281407338,0,6,0.875,0
780,8282407341,2,7,0.59375,3
781,8283407344,1,7,0.6875,3
782,8284407347,1,6,1.0,2
783,8285407350,0,6,0.75,0
784,8286407353,0,3,0.5625,3
785,8287407356,3,7,0.75,3
786,8288407359,1,5,0.5625,3
787,8289407362,3,5,0.5625,0
788,8290407365,1,5,0.625,3
789,8291407368,3,7,1.0,1
790,8292407371,0,7,0.875,1
791,8293407374,0,7,0.6875,0
792,8294407377,2,7,0.65625,2
793,8295407380,0,7,0.8125,0
794,8296407383,0,5,1.0,2
795,8297407386,0,3,0.4375,3
796,8298407389,1,4,1.0,2
797,8299407392,3,6,0.625,3
798,8300407395,3,5,0.6875,0
799,8301407398,2,7,0.6875,0
800,8302407401,3,5,0.5625,3
801,8303407404,1,5,0.625,2
802,8304407407,1,5,0.625,3
803,8305407410,0,7,0.875,2
804,8306407413,2,6,1.0,2
805,8307407416,1,6,0.6875,3
806,8308407419,1,5,0.625,3
807,8309407422,0,7,0.875,2
808,8310407425,3,3,0.625,0
809,8311407428,0,6,0.5625,3
810,8312407431,2,5,0.5625,3
811,8313407434,3,6,0.6875,3
812,8314407437,3,4,0.5,0
813,8315407440,2,6,0.53125,1
814,8316407443,0,7,1.0,2
815,8317407446,1,5,0.5625,3
816,8318407449,3,6,1.0,2
817,8319407452,0,5,0.9375,3
818,8320407455,1,6,0.6875,3
819,8321407458,3,5,1.0,2
820,8322407461,1,7,0.75,2
821,8323407464,0,5,1.0,0
822,8324407467,0,7,1.0,2
823,8325407470,2,2,0.15625,3
824,8326407473,0,7,0.875,2
825,8327407476,0,6,1.0,2
826,8328407479,2,4,0.625,3
827,8329407482,2,6,1.0,2
828,8330407485,2,4,0.75,2
829,8331407488,1,6,0.53125,2
830,8332407491,2,6,1.0,0
831,8333407494,2,6,0.59375,3
832,8334407497,1,5,1.0,2
833,8335407500,1,4,0.625,3
834,8336407503,0,6,0.5625,3
835,8337407506,0,4,0.5,3
836,8338407509,2,6,0.53125,3
837,8339407512,0,6,1.0,2
838,8340407515,0,6,0.53125,3
839,8341407518,2,6,0.625,2
840,8342407521,2,5,1.0,0
841,8343407524,2,4,0.5625,3
842,8344407527,0,5,1.0,2
843,8345407530,0,6,0.75,2
844,8346407533,1,6,0.53125,3
845,8347407536,0,7,1.0,2
846,8348407539,0,5,0.625,3
847,8349407542,2,7,0.59375,3
848,8350407545,3,6,0.53125,3
849,8351407548,3,5,0.625,3
850,8352407551,0,5,0.5625,3
851,8353407554,3,7,0.59375,3
852,8354407557,1,7,0.6875,3
853,8355407560,3,5,0.5625,3
854,8356407563,3,6,0.65625,2
855,8357407566,0,6,0.59375,2
856,8358407569,0,7,0.8125,2
857,8359407572,2,4,0.625,3
858,8360407575,0,6,0.75,2
859,8361407578,3,6,0.8125,0
860,8362407581,2,7,0.59375,3
861,8363407584,1,6,0.59375,3
862,8364407587,0,3,0.4375,3
863,8365407590,0,7,1.0,1
864,8366407593,3,4,1.0,2
865,8367407596,1,6,0.53125,2
866,8368407599,1,4,0.5,3
867,8369407602,2,6,0.59375,3
868,8370407605,3,2,0.15625,0
869,8371407608,0,4,1.0,1
870,8372407611,1,5,0.4375,0
871,8373407614,3,5,0.6875,3
872,8374407617,1,7,0.875,2
873,8375407620,1,4,0.8125,3
874,8376407623,0,4,0.625,2
875,8377407626,3,3,0.4375,0
876,8378407629,1,5,1.0,2
877,8379407632,1,5,0.5,3
878,8380407635,0,6,0.6875,0
879,8381407638,3,6,1.0,2
880,8382407641,3,5,0.5625,3
881,8383407644,2,6,0.5625,3
882,8384407647,1,6,0.59375,0
883,8385407650,2,3,0.5,3
884,8386407653,2,2,0.25,3
885,8387407656,1,7,1.0,2
886,8388407659,2,5,0.5625,3
887,8389407662,2,7,1.0,2
888,8390407665,3,4,1.0,2
889,8391407668,3,6,0.75,3
890,8392407671,1,7,1.0,1
891,8393407674,1,4,0.375,0
892,8394407677,0,4,0.5,3
893,8395407680,0,7,0.6875,3
894,8396407683,1,5,0.8125,3
895,8397407686,3,2,0.375,0
896,8398407689,2,5,0.75,3
897,8399407692,3,5,0.75,3
898,8400407695,2,4,0.5625,3
899,8401407698,2,4,0.4375,0
900,8402407701,3,5,0.4375,0
901,8403407704,0,5,0.5,0
902,8404407707,0,7,0.75,3
903,8405407710,1,6,1.0,2
904,8406407713,3,7,1.0,1
905,8407407716,0,6,0.59375,2
906,8408407719,0,4,0.4375,0
907,8409407722,2,2,0.25,0
908,8410407725,0,6,1.0,2
909,8411407728,0,6,0.53125,3
910,8412407731,3,6,0.8125,2
911,8413407734,1,3,0.75,3
912,8414407737,0,7,0.75,2
913,8415407740,1,7,0.625,3
914,8416407743,1,6,0.75,0
915,8417407746,3,6,1.0,2
916,8418407749,1,4,0.5,3
917,8419407752,3,7,0.59375,3
918,8420407755,2,5,0.6875,3
919,8421407758,0,5,0.4375,3
920,8422407761,0,4,0.34375,0
921,8423407764,2,5,0.5,3
922,8424407767,3,6,0.5625,3
923,8425407770,1,5,0.9375,0
924,8426407773,0,6,0.6875,3
925,8427407776,3,4,1.0,2
926,8428407779,2,5,1.0,2
927,8429407782,0,3,1.0,2
928,8430407785,2,7,0.625,3
929,8431407788,3,6,0.53125,2
930,8432407791,0,5,0.46875,3
931,8433407794,1,5,0.46875,3
932,8434407797,3,7,0.5625,3
933,8435407800,0,2,0.0625,0
934,8436407803,3,5,0.5625,3
935,8437407806,1,4,1.0,2
936,8438407809,0,6,0.9375,2
937,8439407812,3,4,1.0,2
938,8440407815,3,7,0.65625,3
939,8441407818,3,5,0.6875,2
940,8442407821,2,7,1.0,2
941,8443407824,1,5,0.625,0
942,8444407827,3,7,1.0,2
943,8445407830,1,7,0.875,2
944,8446407833,1,6,1.0,2
945,8447407836,2,2,0.1875,0
946,8448407839,0,4,1.0,2
947,8449407842,1,5,0.625,3
948,8450407845,3,7,0.875,2
949,8451407848,1,5,1.0,2
950,8452407851,2,5,1.0,2
951,8453407854,3,2,0.0625,0
952,8454407857,3,3,0.4375,3
953,8455407860,1,5,0.4375,3
954,8456407863,1,2,0.15625,0
955,8457407866,0,7,0.875,2
956,8458407869,1,4,0.5,3
957,8459407872,1,5,0.4375,0
958,8460407875,2,7,0.875,2
959,8461407878,0,6,1.0,2
960,8462407881,1,6,0.53125,3
961,8463407884,1,6,0.6875,3
962,8464407887,0,2,0.0625,0
963,8465407890,0,2,0.0625,0
964,8466407893,0,5,0.6875,3
965,8467407896,2,5,0.75,1
966,8468407899,1,5,0.625,3
967,8469407902,1,4,0.5625,3
968,8470407905,2,4,0.625,3
969,8471407908,3,6,0.65625,2
970,8472407911,1,3,0.5,3
971,8473407914,1,3,0.4375,0
972,8474407917,0,6,0.75,3
973,8475407920,0,4,0.5625,0
974,8476407923,2,4,0.40625,3
975,8477407926,2,5,1.0,1
976,8478407929,2,7,0.65625,3
977,8479407932,2,6,1.0,1
978,8480407935,0,7,0.875,2
979,8481407938,1,3,0.4375,0
980,8482407941,3,5,0.5,3
981,8483407944,2,3,0.5,3
982,8484407947,1,7,1.0,2
983,8485407950,1,4,0.5,2
984,8486407953,1,3,0.375,0
985,8487407956,1,3,0.21875,0
986,8488407959,3,5,0.5,3
987,8489407962,2,7,0.875,2
988,8490407965,2,4,0.34375,3
989,8491407968,0,6,1.0,2
990,8492407971,1,5,0.6875,2
991,8493407974,0,6,1.0,2
992,8494407977,3,4,0.5,3
993,8495407980,1,3,0.5625,0
994,8496407983,1,7,0.8125,3
995,8497407986,3,6,0.71875,3
996,8498407989,1,5,0.6875,3
997,8499407992,3,6,0.6875,3
998,8500407995,1,2,0.625,0
999,8501407998,3,6,0.59375,3
1000,8502408001,3,6,1.0,0
1001,8503408004,3,5,0.75,3
1002,8504408007,1,6,0.53125,2
1003,8505408010,1,5,1.0,2
1004,8506408013,1,6,1.0,2
1005,8507408016,0,4,0.9375,2
1006,8508408019,0,5,0.5625,3
1007,8509408022,1,6,0.71875,2
1008,8510408025,1,5,0.53125,3
1009,8511408028,0,6,0.625,3
1010,8512408031,1,6,1.0,2
1011,8513408034,0,5,1.0,2
1012,8514408037,2,2,0.5625,3
1013,8515408040,0,6,0.6875,2
1014,8516408043,2,7,0.75,2
1015,8517408046,2,3,0.25,0
1016,8518408049,2,5,1.0,2
1017,8519408052,3,3,0.4375,0
1018,8520408055,0,7,0.75,3
1019,8521408058,1,7,1.0,2
1020,8522408061,1,7,1.0,2
1021,8523408064,2,5,0.625,2
1022,8524408067,1,3,0.5,3
1023,8525408070,2,7,1.0,2
