label,candidate,cut,T1,le_T2,le_T3,utility,delta_T1_pp,ci_T1_lo_pp,ci_T1_hi_pp,delta_leT2_pp,ci_leT2_lo_pp,ci_leT2_hi_pp,delta_leT3_pp,ci_leT3_lo_pp,ci_leT3_hi_pp,delta_utility,ci_utility_lo,ci_utility_hi,delta_mean_keep,faster,slower,same,discordant_leT2,discordant_leT3
Component Pouch__OVER__Basalt Monolith,Component Pouch,Basalt Monolith,0.03125,0.4296875,0.828125,0.62890625,-0.78125,-2.3124718629219174,0.7499718629219172,1.5625,-0.5944323856385741,3.7194323856385743,-0.78125,-2.3124718629219174,0.7499718629219172,0.00390625,-0.009389279936066693,0.017201779936066693,-0.0859375,2,2,124,2,1
Pentad Prism__OVER__Everflowing Chalice,Pentad Prism,Everflowing Chalice,0.0390625,0.4140625,0.84375,0.62890625,0.0,-2.1739834998784504,2.1739834998784504,0.0,-2.1739834998784504,2.1739834998784504,0.78125,-2.6534332326981156,4.215933232698116,0.00390625,-0.021576911932052727,0.029389411932052727,-0.0078125,3,3,122,2,5
Component Pouch__OVER__Prismatic Lens,Component Pouch,Prismatic Lens,0.0390625,0.4140625,0.84375,0.62890625,0.0,-2.1739834998784504,2.1739834998784504,0.0,-3.0744769499034326,3.0744769499034326,0.78125,-1.8778559872133387,3.4403559872133385,0.00390625,-0.019142316888455937,0.026954816888455937,0.0,3,4,121,4,3
Pentad Prism__OVER__Mind Stone,Pentad Prism,Mind Stone,0.0390625,0.421875,0.828125,0.625,0.0,0.0,0.0,0.78125,-0.7499718629219172,2.3124718629219174,-0.78125,-2.3124718629219174,0.7499718629219172,0.0,-0.010869917499392251,0.010869917499392251,-0.015625,1,1,126,1,1
Pentad Prism__OVER__Prismatic Lens,Pentad Prism,Prismatic Lens,0.0390625,0.4140625,0.8359375,0.625,0.0,0.0,0.0,0.0,0.0,0.0,0.0,-2.1739834998784504,2.1739834998784504,0.0,-0.010869917499392251,0.010869917499392251,-0.0390625,1,1,126,0,2
Oketra's Monument__OVER__The Mind Stone,Oketra's Monument,The Mind Stone,0.0390625,0.4140625,0.8359375,0.625,0.0,0.0,0.0,0.0,-2.1739834998784504,2.1739834998784504,0.0,0.0,0.0,0.0,-0.010869917499392251,0.010869917499392251,-0.0078125,1,1,126,2,0
Cloud Key__OVER__The Mind Stone,Cloud Key,The Mind Stone,0.0390625,0.4140625,0.8359375,0.625,0.0,0.0,0.0,0.0,-2.1739834998784504,2.1739834998784504,0.0,0.0,0.0,0.0,-0.010869917499392251,0.010869917499392251,-0.0234375,1,1,126,2,0
Component Pouch__OVER__The Mind Stone,Component Pouch,The Mind Stone,0.03125,0.40625,0.8359375,0.62109375,-0.78125,-2.3124718629219174,0.7499718629219172,-0.78125,-2.3124718629219174,0.7499718629219172,0.0,-2.1739834998784504,2.1739834998784504,-0.00390625,-0.02107966616349058,0.013267166163490579,0.0,1,2,125,1,2
Component Pouch__OVER__Tooth of Ramos,Component Pouch,Tooth of Ramos,0.0390625,0.421875,0.8125,0.6171875,0.0,0.0,0.0,0.78125,-0.7499718629219172,2.3124718629219174,-2.34375,-4.974938090612173,0.28743809061217257,-0.0078125,-0.023124718629219172,0.007499718629219172,-0.03125,1,3,124,1,3
Cloud Key__OVER__Implements of Sacrifice,Cloud Key,Implements of Sacrifice,0.0390625,0.4140625,0.8203125,0.6171875,0.0,0.0,0.0,0.0,0.0,0.0,-1.5625,-3.7194323856385743,0.5944323856385741,-0.0078125,-0.01859716192819287,0.0029721619281928707,-0.0234375,0,2,126,0,2
Pentad Prism__OVER__Basalt Monolith,Pentad Prism,Basalt Monolith,0.0390625,0.4140625,0.8203125,0.6171875,0.0,0.0,0.0,0.0,0.0,0.0,-1.5625,-3.7194323856385743,0.5944323856385741,-0.0078125,-0.01859716192819287,0.0029721619281928707,-0.03125,0,2,126,0,2
Cloud Key__OVER__Prismatic Lens,Cloud Key,Prismatic Lens,0.0390625,0.40625,0.828125,0.6171875,0.0,0.0,0.0,-0.78125,-3.4403559872133385,1.8778559872133387,-0.78125,-3.4403559872133385,1.8778559872133387,-0.0078125,-0.02950983283692248,0.013884832836922479,-0.0625,2,3,123,3,3
Oketra's Monument__OVER__Everflowing Chalice,Oketra's Monument,Everflowing Chalice,0.03125,0.40625,0.828125,0.6171875,-0.78125,-2.3124718629219174,0.7499718629219172,-0.78125,-3.4403559872133385,1.8778559872133387,-0.78125,-3.4403559872133385,1.8778559872133387,-0.0078125,-0.02950983283692248,0.013884832836922479,-0.0625,2,4,122,3,3
Oketra's Monument__OVER__Mind Stone,Oketra's Monument,Mind Stone,0.046875,0.40625,0.828125,0.6171875,0.78125,-0.7499718629219172,2.3124718629219174,-0.78125,-4.215933232698116,2.6534332326981156,-0.78125,-4.215933232698116,2.6534332326981156,-0.0078125,-0.036539483335654585,0.020914483335654585,-0.0234375,3,5,120,5,5
Component Pouch__OVER__Mind Stone,Component Pouch,Mind Stone,0.0390625,0.40625,0.828125,0.6171875,0.0,-2.1739834998784504,2.1739834998784504,-0.78125,-4.215933232698116,2.6534332326981156,-0.78125,-4.215933232698116,2.6534332326981156,-0.0078125,-0.038527230635487755,0.02290223063548776,0.0546875,3,5,120,5,5
Component Pouch__OVER__Implements of Sacrifice,Component Pouch,Implements of Sacrifice,0.0390625,0.40625,0.828125,0.6171875,0.0,0.0,0.0,-0.78125,-2.3124718629219174,0.7499718629219172,-0.78125,-3.4403559872133385,1.8778559872133387,-0.0078125,-0.023124718629219172,0.007499718629219172,0.0234375,1,3,124,1,3
Component Pouch__OVER__Everflowing Chalice,Component Pouch,Everflowing Chalice,0.03125,0.3984375,0.8359375,0.6171875,-0.78125,-2.3124718629219174,0.7499718629219172,-1.5625,-3.7194323856385743,0.5944323856385741,0.0,-2.1739834998784504,2.1739834998784504,-0.0078125,-0.023124718629219172,0.007499718629219172,-0.015625,1,4,123,2,2
Pentad Prism__OVER__The Mind Stone,Pentad Prism,The Mind Stone,0.03125,0.3984375,0.8359375,0.6171875,-0.78125,-2.3124718629219174,0.7499718629219172,-1.5625,-3.7194323856385743,0.5944323856385741,0.0,-2.1739834998784504,2.1739834998784504,-0.0078125,-0.023124718629219172,0.007499718629219172,-0.0078125,1,4,123,2,2
Cloud Key__OVER__Everflowing Chalice,Cloud Key,Everflowing Chalice,0.03125,0.3984375,0.8359375,0.6171875,-0.78125,-2.3124718629219174,0.7499718629219172,-1.5625,-3.7194323856385743,0.5944323856385741,0.0,-3.0744769499034326,3.0744769499034326,-0.0078125,-0.02950983283692248,0.013884832836922479,-0.0078125,2,4,122,2,4
Oketra's Monument__OVER__Implements of Sacrifice,Oketra's Monument,Implements of Sacrifice,0.03125,0.40625,0.8203125,0.61328125,-0.78125,-2.3124718629219174,0.7499718629219172,-0.78125,-2.3124718629219174,0.7499718629219172,-1.5625,-3.7194323856385743,0.5944323856385741,-0.01171875,-0.024874690453060865,0.0014371904530608628,-0.03125,0,4,124,1,2
Oketra's Monument__OVER__Prismatic Lens,Oketra's Monument,Prismatic Lens,0.0390625,0.3984375,0.828125,0.61328125,0.0,0.0,0.0,-1.5625,-3.7194323856385743,0.5944323856385741,-0.78125,-3.4403559872133385,1.8778559872133387,-0.01171875,-0.03195211309395131,0.008514613093951313,-0.046875,1,3,124,2,3
Oketra's Monument__OVER__Basalt Monolith,Oketra's Monument,Basalt Monolith,0.0390625,0.40625,0.8125,0.609375,0.0,0.0,0.0,-0.78125,-3.4403559872133385,1.8778559872133387,-2.34375,-4.974938090612173,0.28743809061217257,-0.015625,-0.03425509997767208,0.0030050999776720794,-0.046875,1,5,122,3,3
Pentad Prism__OVER__Implements of Sacrifice,Pentad Prism,Implements of Sacrifice,0.03125,0.3984375,0.8203125,0.609375,-0.78125,-2.3124718629219174,0.7499718629219172,-1.5625,-3.7194323856385743,0.5944323856385741,-1.5625,-3.7194323856385743,0.5944323856385741,-0.015625,-0.030755284820004652,-0.0004947151799953482,-0.03125,0,5,123,2,2
Cloud Key__OVER__Tooth of Ramos,Cloud Key,Tooth of Ramos,0.03125,0.4140625,0.796875,0.60546875,-0.78125,-2.3124718629219174,0.7499718629219172,0.0,-2.1739834998784504,2.1739834998784504,-3.90625,-7.275814847248692,-0.5366851527513081,-0.01953125,-0.042338253187234845,0.003275753187234845,-0.0859375,1,6,121,2,5
Oketra's Monument__OVER__Tooth of Ramos,Oketra's Monument,Tooth of Ramos,0.03125,0.40625,0.8046875,0.60546875,-0.78125,-2.3124718629219174,0.7499718629219172,-0.78125,-2.3124718629219174,0.7499718629219172,-3.125,-6.851019995534416,0.6010199955344159,-0.01953125,-0.042338253187234845,0.003275753187234845,-0.0625,1,6,121,1,6
Pentad Prism__OVER__Tooth of Ramos,Pentad Prism,Tooth of Ramos,0.03125,0.40625,0.8046875,0.60546875,-0.78125,-2.3124718629219174,0.7499718629219172,-0.78125,-3.4403559872133385,1.8778559872133387,-3.125,-6.15105696400093,-0.09894303599906965,-0.01953125,-0.042338253187234845,0.003275753187234845,-0.046875,1,6,121,3,4
Cloud Key__OVER__Mind Stone,Cloud Key,Mind Stone,0.0390625,0.3984375,0.8125,0.60546875,0.0,0.0,0.0,-1.5625,-4.624943725843835,1.4999437258438344,-2.34375,-5.75686514981887,1.0693651498188697,-0.01953125,-0.04703524256962029,0.007972742569620293,-0.0703125,2,5,121,4,5
Cloud Key__OVER__Basalt Monolith,Cloud Key,Basalt Monolith,0.0390625,0.4140625,0.7890625,0.6015625,0.0,0.0,0.0,0.0,-2.1739834998784504,2.1739834998784504,-4.6875,-8.363637959800482,-1.011362040199517,-0.0234375,-0.047399135386057,0.0005241353860570043,-0.0859375,1,6,121,2,6
